PDF URL,Document ID
oai:repository.unhas.ac.id:12622,oai:repository.unhas.ac.id:12622
oai:repository.unhas.ac.id:1316,oai:repository.unhas.ac.id:1316
oai:repository.unhas.ac.id:33,oai:repository.unhas.ac.id:33
oai:repository.unhas.ac.id:34,oai:repository.unhas.ac.id:34
oai:repository.unhas.ac.id:38,oai:repository.unhas.ac.id:38
oai:repository.unhas.ac.id:42,oai:repository.unhas.ac.id:42
oai:repository.unhas.ac.id:62,oai:repository.unhas.ac.id:62
oai:repository.unhas.ac.id:63,oai:repository.unhas.ac.id:63
oai:repository.unhas.ac.id:65,oai:repository.unhas.ac.id:65
oai:repository.unhas.ac.id:66,oai:repository.unhas.ac.id:66
oai:repository.unhas.ac.id:68,oai:repository.unhas.ac.id:68
oai:repository.unhas.ac.id:70,oai:repository.unhas.ac.id:70
oai:repository.unhas.ac.id:78,oai:repository.unhas.ac.id:78
oai:repository.unhas.ac.id:80,oai:repository.unhas.ac.id:80
oai:repository.unhas.ac.id:81,oai:repository.unhas.ac.id:81
oai:repository.unhas.ac.id:82,oai:repository.unhas.ac.id:82
oai:repository.unhas.ac.id:83,oai:repository.unhas.ac.id:83
oai:repository.unhas.ac.id:84,oai:repository.unhas.ac.id:84
oai:repository.unhas.ac.id:85,oai:repository.unhas.ac.id:85
oai:repository.unhas.ac.id:86,oai:repository.unhas.ac.id:86
oai:repository.unhas.ac.id:88,oai:repository.unhas.ac.id:88
oai:repository.unhas.ac.id:89,oai:repository.unhas.ac.id:89
oai:repository.unhas.ac.id:92,oai:repository.unhas.ac.id:92
oai:repository.unhas.ac.id:93,oai:repository.unhas.ac.id:93
oai:repository.unhas.ac.id:94,oai:repository.unhas.ac.id:94
oai:repository.unhas.ac.id:95,oai:repository.unhas.ac.id:95
oai:repository.unhas.ac.id:96,oai:repository.unhas.ac.id:96
oai:repository.unhas.ac.id:97,oai:repository.unhas.ac.id:97
oai:repository.unhas.ac.id:98,oai:repository.unhas.ac.id:98
oai:repository.unhas.ac.id:99,oai:repository.unhas.ac.id:99
oai:repository.unhas.ac.id:100,oai:repository.unhas.ac.id:100
oai:repository.unhas.ac.id:102,oai:repository.unhas.ac.id:102
oai:repository.unhas.ac.id:103,oai:repository.unhas.ac.id:103
oai:repository.unhas.ac.id:104,oai:repository.unhas.ac.id:104
oai:repository.unhas.ac.id:105,oai:repository.unhas.ac.id:105
oai:repository.unhas.ac.id:106,oai:repository.unhas.ac.id:106
oai:repository.unhas.ac.id:107,oai:repository.unhas.ac.id:107
oai:repository.unhas.ac.id:108,oai:repository.unhas.ac.id:108
oai:repository.unhas.ac.id:109,oai:repository.unhas.ac.id:109
oai:repository.unhas.ac.id:110,oai:repository.unhas.ac.id:110
oai:repository.unhas.ac.id:111,oai:repository.unhas.ac.id:111
oai:repository.unhas.ac.id:112,oai:repository.unhas.ac.id:112
oai:repository.unhas.ac.id:113,oai:repository.unhas.ac.id:113
oai:repository.unhas.ac.id:114,oai:repository.unhas.ac.id:114
oai:repository.unhas.ac.id:115,oai:repository.unhas.ac.id:115
oai:repository.unhas.ac.id:116,oai:repository.unhas.ac.id:116
oai:repository.unhas.ac.id:117,oai:repository.unhas.ac.id:117
oai:repository.unhas.ac.id:118,oai:repository.unhas.ac.id:118
oai:repository.unhas.ac.id:119,oai:repository.unhas.ac.id:119
oai:repository.unhas.ac.id:120,oai:repository.unhas.ac.id:120
oai:repository.unhas.ac.id:121,oai:repository.unhas.ac.id:121
oai:repository.unhas.ac.id:122,oai:repository.unhas.ac.id:122
oai:repository.unhas.ac.id:123,oai:repository.unhas.ac.id:123
oai:repository.unhas.ac.id:124,oai:repository.unhas.ac.id:124
oai:repository.unhas.ac.id:125,oai:repository.unhas.ac.id:125
oai:repository.unhas.ac.id:126,oai:repository.unhas.ac.id:126
oai:repository.unhas.ac.id:128,oai:repository.unhas.ac.id:128
oai:repository.unhas.ac.id:129,oai:repository.unhas.ac.id:129
oai:repository.unhas.ac.id:132,oai:repository.unhas.ac.id:132
oai:repository.unhas.ac.id:133,oai:repository.unhas.ac.id:133
oai:repository.unhas.ac.id:134,oai:repository.unhas.ac.id:134
oai:repository.unhas.ac.id:135,oai:repository.unhas.ac.id:135
oai:repository.unhas.ac.id:136,oai:repository.unhas.ac.id:136
oai:repository.unhas.ac.id:137,oai:repository.unhas.ac.id:137
oai:repository.unhas.ac.id:138,oai:repository.unhas.ac.id:138
oai:repository.unhas.ac.id:139,oai:repository.unhas.ac.id:139
oai:repository.unhas.ac.id:140,oai:repository.unhas.ac.id:140
oai:repository.unhas.ac.id:142,oai:repository.unhas.ac.id:142
oai:repository.unhas.ac.id:143,oai:repository.unhas.ac.id:143
oai:repository.unhas.ac.id:144,oai:repository.unhas.ac.id:144
oai:repository.unhas.ac.id:145,oai:repository.unhas.ac.id:145
oai:repository.unhas.ac.id:146,oai:repository.unhas.ac.id:146
oai:repository.unhas.ac.id:147,oai:repository.unhas.ac.id:147
oai:repository.unhas.ac.id:148,oai:repository.unhas.ac.id:148
oai:repository.unhas.ac.id:149,oai:repository.unhas.ac.id:149
oai:repository.unhas.ac.id:150,oai:repository.unhas.ac.id:150
oai:repository.unhas.ac.id:151,oai:repository.unhas.ac.id:151
oai:repository.unhas.ac.id:152,oai:repository.unhas.ac.id:152
oai:repository.unhas.ac.id:153,oai:repository.unhas.ac.id:153
oai:repository.unhas.ac.id:154,oai:repository.unhas.ac.id:154
oai:repository.unhas.ac.id:155,oai:repository.unhas.ac.id:155
oai:repository.unhas.ac.id:156,oai:repository.unhas.ac.id:156
oai:repository.unhas.ac.id:157,oai:repository.unhas.ac.id:157
oai:repository.unhas.ac.id:158,oai:repository.unhas.ac.id:158
oai:repository.unhas.ac.id:159,oai:repository.unhas.ac.id:159
oai:repository.unhas.ac.id:160,oai:repository.unhas.ac.id:160
oai:repository.unhas.ac.id:163,oai:repository.unhas.ac.id:163
oai:repository.unhas.ac.id:164,oai:repository.unhas.ac.id:164
oai:repository.unhas.ac.id:165,oai:repository.unhas.ac.id:165
oai:repository.unhas.ac.id:166,oai:repository.unhas.ac.id:166
oai:repository.unhas.ac.id:167,oai:repository.unhas.ac.id:167
oai:repository.unhas.ac.id:168,oai:repository.unhas.ac.id:168
oai:repository.unhas.ac.id:170,oai:repository.unhas.ac.id:170
oai:repository.unhas.ac.id:171,oai:repository.unhas.ac.id:171
oai:repository.unhas.ac.id:172,oai:repository.unhas.ac.id:172
oai:repository.unhas.ac.id:173,oai:repository.unhas.ac.id:173
oai:repository.unhas.ac.id:174,oai:repository.unhas.ac.id:174
oai:repository.unhas.ac.id:175,oai:repository.unhas.ac.id:175
oai:repository.unhas.ac.id:176,oai:repository.unhas.ac.id:176
oai:repository.unhas.ac.id:177,oai:repository.unhas.ac.id:177
